score,eg2_value,e_value,g_id,g_start,mt_start,g_length,mt_length,g_strand,mt_strand,g_size,g_sequence,mt_sequence
104,1.1e-32,1.9e-36,AAGW02081404,466,798,104,104,+,-,27691,gtacgggtgtacgggtgtacgtgcgtgcgtacgggtgtacgtgcgtgcgtacgggtgtacgtgcgtgcgtacgggtgtacgtgcgtgcgtacgggtgtacgtgc,GTACGGgtgtacgggtgtacgtgcgtgcgtacgggtgtacgtgcgtgcgtacgggtgtacgtgcgtgcgtacgggtgtacgtgcgtgcgtacgggtgtacgtgc
90,4.9000000000000005e-26,8.7e-30,AAGW02081404,322,906,116,116,+,-,27691,GTACGTgcgtacgtgcgtacgtgcgtacgggtgtacgggtgtacgggtgtacgtgcgtgcgtacgggtgtacgtgcgtgcgtacgggtgtacgtgcgtgcgtacgggtgtacgtgc,gtacgggtgtacgtgcgtgcgtacgggtgtacgtgcgtgcgtacgggtgtacgtgcgtgcgtacgggtgtacgtgcgtgcgtacgggtgtacgtgcgtgcgtacgggtgtacgtgc
124,3.2e-42,5.7e-46,AAGW02081404,18010,798,124,124,+,-,27691,gtacgggtgtacgggtgtacgtgcgtgcgtacgggtgtacgtgcgtgcgtacgggtgtacgtgcgtgcgtacgggtgtacgtgcgtgcgtacgggtgtacgtgcgtgcgtacgggtgtacgtgc,GTACGGgtgtacgggtgtacgtgcgtgcgtacgggtgtacgtgcgtgcgtacgggtgtacgtgcgtgcgtacgggtgtacgtgcgtgcgtacgggtgtacgtgcgtgcgtacgggtgtacgtgc
86,3.9e-24,7e-28,GL018706,3438128,1850,124,124,+,+,5787221,GTTAATCCAATACAGTAGTGCAACCTAGGAAAGATTAAAAGAAATAAAAGGAACTCAGCAAACACAAACCCCTCCTGTTTACCAAAAACATCACCTCTAGCATATCTAGTTTTAAACACATTGC,GTTAACCCAACACAGGAGTGCTATATAGGAAAGATTAAAAGAAGAAAAAGGAACTCGGCAAACCCTAACCCCGCCTGTTTACCAAAAACATCACCTCTAGCATTACTAGTATTAGAGGCACTGC
92,5.4e-27,9.7e-31,13,15107645,5929,126,126,+,+,143360832,gtgcttcttcttctCTCTCTACCCGTACTAGCTGCTAGCATTACAATACTCTTAACAGATCGAAATTGAAACACAACCTTTTTCGACCCTGCAGGAGGGGGAGACCCTATCCGCTACCAACACTTA,GTACTTCTTCTTCTCTCTTTACCAGTCCTAGCTGCTGGCATTACAATGCTTTTAACAGACCGAAACTTAAATACAACCTTCTTTGATCCTGCAGGAggaggAGACCCTATCCTCTACCAACACCTA
103,3.1e-32,5.5999999999999995e-36,AAGW02081404,442,798,128,124,+,-,27691,gtacgtgcgtacgtgcgtacgtgcgtacgggtgtacgggtgtacgtgcgtgcgtacgggtgtacgtgcgtgcgtacgggtgtacgtgcgtgcgtacgggtgtacgtgcgtgcgtacgggtgtacgtgc,GTACGGgtgtacgggtgtacgtgcgtgc----gtacgggtgtacgtgcgtgcgtacgggtgtacgtgcgtgcgtacgggtgtacgtgcgtgcgtacgggtgtacgtgcgtgcgtacgggtgtacgtgc
77,7.5e-20,1.3e-23,AAGW02081404,17858,882,136,140,+,-,27691,GTACGTgcgtacgtgcgtacgggtgtacgggtgtacgggtgtacgggtgtacgggcgtacgggtgtacgggtgtacgtgcgtgcgtacgggtgtacgtgt----gtacgggtgtacgtgcgtgcgtacgggtgtacgtgc,gtgcgtacgggtgtacgtgcgtgcgtacgggtgtacgtgcgtgcgtacgggtgtacgtgcgtgcgtacgggtgtacgtgcgtgcgtacgggtgtacgtgcgtgcgtacgggtgtacgtgcgtgcgtacgggtgtacgtgc
106,1.1999999999999998e-33,2.0999999999999997e-37,AAGW02081404,322,886,136,136,+,-,27691,GTACGTgcgtacgtgcgtacgtgcgtacgggtgtacgggtgtacgggtgtacgtgcgtgcgtacgggtgtacgtgcgtgcgtacgggtgtacgtgcgtgcgtacgggtgtacgtgcgtgcgtacgtgcgtacgtgc,gtacgggtgtacgtgcgtgcgtacgggtgtacgtgcgtgcgtacgggtgtacgtgcgtgcgtacgggtgtacgtgcgtgcgtacgggtgtacgtgcgtgcgtacgggtgtacgtgcgtgcgtacgggtgtacgtgc
119,7.599999999999998e-40,1.4e-43,AAGW02081404,422,798,148,144,+,-,27691,gtacgggtgtacgtgcgtgcgtacgtgcgtacgtgcgtacgtgcgtacgggtgtacgggtgtacgtgcgtgcgtacgggtgtacgtgcgtgcgtacgggtgtacgtgcgtgcgtacgggtgtacgtgcgtgcgtacgggtgtacgtgc,GTACGGgtgtacgggtgtacgtgcgtgcgtacgggtgtacgtgcgtgc----gtacgggtgtacgtgcgtgcgtacgggtgtacgtgcgtgcgtacgggtgtacgtgcgtgcgtacgggtgtacgtgcgtgcgtacgggtgtacgtgc
125,1.1e-42,1.9e-46,AAGW02081404,17984,796,150,146,+,-,27691,gtgtacgtgcgtacgtgcgtacgtgcgtacgggtgtacgggtgtacgtgcgtgcgtacgggtgtacgtgcgtgcgtacgggtgtacgtgcgtgcgtacgggtgtacgtgcgtgcgtacgggtgtacgtgcgtgcgtacgggtgtacgtgc,GTGTACGGgtgtacgggtgtacgtgcgtgc----gtacgggtgtacgtgcgtgcgtacgggtgtacgtgcgtgcgtacgggtgtacgtgcgtgcgtacgggtgtacgtgcgtgcgtacgggtgtacgtgcgtgcgtacgggtgtacgtgc
83,9.999999999999999e-23,1.8999999999999998e-26,AAGW02081404,17858,862,154,158,+,-,27691,GTACGTgcgtacgtgcgtacgggtgtacgggtgtacgggtgtacgggtgtacgggcgtacgggtgtacgggtgtacgtgcgtgcgtacgggtgtacgtgt----gtacgggtgtacgtgcgtgcgtacgggtgtacgtgcgtacgtgcgtacgtgcgt,gtgcgtacgggtgtacgtgcgtgcgtacgggtgtacgtgcgtgcgtacgggtgtacgtgcgtgcgtacgggtgtacgtgcgtgcgtacgggtgtacgtgcgtgcgtacgggtgtacgtgcgtgcgtacgggtgtacgtgcgtgcgtacgggtgtacgt
142,8.6e-51,1.4999999999999995e-54,AAGW02081404,16778,481,154,155,+,-,27691,TAGTCCAAATATTATACAATTTGTATTTAATTGAGTTATACCTGTTAAAAGG-AAAaAAGGGCTAGAGTGCTATGTCAGTATTGTAAAGGTGCGTTTTAAATTTCAAAATTTAGGTGCCCTGAGCTGTCTGACTTGGGGTGGGAAAGGGGGTTTA,TAGTCCAAATATTATACAATTTGTATTTAATTGAGTTAAACCTGTTAaaaggaaaaaaaggGCTAGAGTGCTATGTCAGTATTGTAAAGGTGCGTTTTAAATTTCAAAATTTAGATGCCCTGAGCTGTCTGACTTGgggtgggaaagggggttta
149,3.9999999999999995e-54,7.1e-58,AAGW02081404,17542,22,155,155,+,-,27691,TAGTCCAAATATTATACAATTTGTATTTAATTGAGTTATACCTGTTAaaaggaaaaaaaggGCTAGAGTGCTATGTCAGTATTGTAAAGGTGCGTTTTAAATTTCAAAATTTAGGTGCTCTGAGCTGTCTGACTTGgggtgggaaagggggttta,TAGTCCAAATATTATACAATTTGTATTTAATTGAGTTAAACCTGTTAaaaggaaaaaaaggGCTAGAGTGCTATGTCAGTATTGTAAAGGTGCGTTTTAAATTTCAAAATTTAGATGCCCTGAGCTGTCTGACTTGGGGTGGGAAAGGGGGTTTA
137,2.1e-48,3.7e-52,AAGW02081404,5,22,156,155,+,-,27691,TAGTCCAAATATTATACAATTTGTATTTAAATTGAGTTATCCCTGTTAaaaggaaaaaaaggGCTAGAGTGCTATGTCAGTATTGTATAGGTGCGTTTTAAATTTCAAAATTTAGGTGCTCTGAGCTGTCTGACTTGgggtgggaaagggggttta,TAGTCCAAATATTATACAATTTGTATTTAA-TTGAGTTAAACCTGTTAaaaggaaaaaaaggGCTAGAGTGCTATGTCAGTATTGTAAAGGTGCGTTTTAAATTTCAAAATTTAGATGCCCTGAGCTGTCTGACTTGGGGTGGGAAAGGGGGTTTA
112,1.6e-36,2.9e-40,AAGW02081404,322,866,157,153,+,-,27691,GTACGTgcgtacgtgcgtacgtgcgtacgggtgtacgggtgtacgggtgtacgtgcgtgcgtacgggtgtacgtgcgtgcgtacgggtgtacgtgcgtgcgtacgggtgtacgtgcgtgcgtacgtgcgtacgtgcgtacgtgcgtacgggtgtacg,gtacgggtgtacgtgcgtgcgtacgggtgtacgtgcgtgcgtacgggtgtacgtgcgtgcgtacgggtgtacgtgcgtgcgtacgggtgtacgtgcgtgcgtacgggtgtacgtgcgtgcgtacgggtgtacgtg----cgtgcgtacgggtgtacg
142,8.6e-51,1.4999999999999995e-54,AAGW02081404,0,170,161,160,+,-,27691,GGGTTTAGTCCAAATATTATACAATTTGTATTTAAATTGAGTTATCCCTGTTAaaaggaaaaaaaggGCTAGAGTGCTATGTCAGTATTGTATAGGTGCGTTTTAAATTTCAAAATTTAGGTGCTCTGAGCTGTCTGACTTGgggtgggaaagggggttta,GGGTTTAGTCCAAATATTATACAATTTGTATTTAA-TTGAGTTAAACCTGTTAaaaggaaaaaaaggGCTAGAGTGCTATGTCAGTATTGTAAAGGTGCGTTTTAAATTTCAAAATTTAGATGCCCTGAGCTGTCTGACTTGGGGTGGGAAAGGGGGTTTA
98,7.6e-30,1.3e-33,16,72417467,8861,162,163,+,+,84478945,CAAAAAGGCCTACGATATGGAATAATCTCATTTATCATCTCC-AAGTCTTCTTTTTTGCAGGCTTCCTCTGAGCATTTTATCACTCTAGCCTCGCCCCAACTCCAGAACTGGGAGGCTGCTGGCCTCCAACAGGCATCATCCCACTAAACCCCCTAGAGGTGC,CAAAAAGGTCTACGATATGGCATAATTCTCTTTATCATCTCAGAAGTATTCTTTTTCGCGGGCTTCTTCTGAGCCTTCTACCACTCAAGCCTAGCTCCTACCCCAGAACTAGGAGGATGCTGACCTCCAACAGGCATCAACCCCCTTAATCCCCTTGAAGTGC
140,7.7e-50,1.4000000000000002e-53,AAGW02081404,17970,798,164,164,+,-,27691,gtgcgtgcgtacgggtgtacgtgcgtacgtgcgtacgtgcgtacgggtgtacgggtgtacgtgcgtgcgtacgggtgtacgtgcgtgcgtacgggtgtacgtgcgtgcgtacgggtgtacgtgcgtgcgtacgggtgtacgtgcgtgcgtacgggtgtacgtgc,GTACGGgtgtacgggtgtacgtgcgtgcgtacgggtgtacgtgcgtgcgtacgggtgtacgtgcgtgcgtacgggtgtacgtgcgtgcgtacgggtgtacgtgcgtgcgtacgggtgtacgtgcgtgcgtacgggtgtacgtgcgtgcgtacgggtgtacgtgc
99,2.5e-30,4.4999999999999996e-34,AAGW02081404,17858,842,176,180,+,-,27691,GTACGTgcgtacgtgcgtacgggtgtacgggtgtacgggtgtacgggtgtacgggcgtacgggtgtacgggtgtacgtgcgtgcgtacgggtgtacgtgt----gtacgggtgtacgtgcgtgcgtacgggtgtacgtgcgtacgtgcgtacgtgcgtacgggtgtacgggtgtacgtgc,gtgcgtacgggtgtacgtgcgtgcgtacgggtgtacgtgcgtgcgtacgggtgtacgtgcgtgcgtacgggtgtacgtgcgtgcgtacgggtgtacgtgcgtgcgtacgggtgtacgtgcgtgcgtacgggtgtacgtgcgtgcgtacgggtgtacgtgcgtgcgtacgggtgtacgtgc
133,1.7e-46,2.8999999999999996e-50,AAGW02081404,394,798,176,164,+,-,27691,gtgcgtgcgtacgggtgtacgtgcgtgcgtacgggtgtacgtgcgtgcgtacgtgcgtacgtgcgtacgtgcgtacgggtgtacgggtgtacgtgcgtgcgtacgggtgtacgtgcgtgcgtacgggtgtacgtgcgtgcgtacgggtgtacgtgcgtgcgtacgggtgtacgtgc,GTACGGgtgtacgggtgtacgtgcgtgcgtacgggtgtacgtgcgtgcgtacgggtgtacgtgcgtgc------------gtacgggtgtacgtgcgtgcgtacgggtgtacgtgcgtgcgtacgggtgtacgtgcgtgcgtacgggtgtacgtgcgtgcgtacgggtgtacgtgc
166,3.199999999999999e-62,5.799999999999997e-66,AAGW02081404,17948,796,186,186,+,-,27691,gtgtacgtgtgtacgggtgtacgtgcgtgcgtacgggtgtacgtgcgtacgtgcgtacgtgcgtacgggtgtacgggtgtacgtgcgtgcgtacgggtgtacgtgcgtgcgtacgggtgtacgtgcgtgcgtacgggtgtacgtgcgtgcgtacgggtgtacgtgcgtgcgtacgggtgtacgtgc,GTGTACGGgtgtacgggtgtacgtgcgtgcgtacgggtgtacgtgcgtgcgtacgggtgtacgtgcgtgcgtacgggtgtacgtgcgtgcgtacgggtgtacgtgcgtgcgtacgggtgtacgtgcgtgcgtacgggtgtacgtgcgtgcgtacgggtgtacgtgcgtgcgtacgggtgtacgtgc
125,1.1e-42,1.9e-46,AAGW02081404,322,846,188,176,+,-,27691,GTACGTgcgtacgtgcgtacgtgcgtacgggtgtacgggtgtacgggtgtacgtgcgtgcgtacgggtgtacgtgcgtgcgtacgggtgtacgtgcgtgcgtacgggtgtacgtgcgtgcgtacgtgcgtacgtgcgtacgtgcgtacgggtgtacgggtgtacgtgcgtgcgtacgggtgtacgtgc,gtacgggtgtacgtgcgtgcgtacgggtgtacgtgcgtgcgtacgggtgtacgtgcgtgcgtacgggtgtacgtgcgtgcgtacgggtgtacgtgcgtgcgtacgggtgtacgtgcgtgcgtacgggtgtacgtgcgt------------gcgtacgggtgtacgtgcgtgcgtacgggtgtacgtgc
153,5e-56,8.9e-60,AAGW02081404,374,798,196,184,+,-,27691,gtgcgtgcgtacgggtgtacgtgcgtgcgtacgggtgtacgtgcgtgcgtacgggtgtacgtgcgtgcgtacgtgcgtacgtgcgtacgtgcgtacgggtgtacgggtgtacgtgcgtgcgtacgggtgtacgtgcgtgcgtacgggtgtacgtgcgtgcgtacgggtgtacgtgcgtgcgtacgggtgtacgtgc,GTACGGgtgtacgggtgtacgtgcgtgcgtacgggtgtacgtgcgtgcgtacgggtgtacgtgcgtgcgtacgggtgtacgtgcgtgc------------gtacgggtgtacgtgcgtgcgtacgggtgtacgtgcgtgcgtacgggtgtacgtgcgtgcgtacgggtgtacgtgcgtgcgtacgggtgtacgtgc
73,6e-18,1.1e-21,4,17873977,3675,197,207,+,+,91394100,ATACTATTAAGTATTCAGCCACACATTTAGAAATATGTCTAACAGAACAGTGACTTTGGTAGAGTAAACAATAAGAGAGGCT-TAAATCCTCTTTTTAAAATTACAGGACTTGAACCTACCCCTGAGAACTCAAAATTCTCCGTGCCATCACATACACCACACT---------AAAGCAAGGTCAGCTAAAAGAGTTATAGGGCCCA,ATACTTTCAAGTATCCCTCCTCAGATATAGAAATATGTCTGATAAAAGAGTTACTTTGATAGAGTAAATAATAGAGGATCTTAGCCCTCTTATTTCTAGAGCTATAGGACTTGAACCCACTCTCAAGAACTCAAAATTCTTCGTGCTACCATGTACACCAAGCTCTAAACCACTAAGTAAGGTCAGCTAAATAAGCTATCGGGCCCA
166,3.199999999999999e-62,5.799999999999997e-66,AAGW02081404,17928,796,206,206,+,-,27691,gtgtacgtgcgtgcgtacgggtgtacgtgtgtacgggtgtacgtgcgtgcgtacgggtgtacgtgcgtacgtgcgtacgtgcgtacgggtgtacgggtgtacgtgcgtgcgtacgggtgtacgtgcgtgcgtacgggtgtacgtgcgtgcgtacgggtgtacgtgcgtgcgtacgggtgtacgtgcgtgcgtacgggtgtacgtgc,GTGTACGGgtgtacgggtgtacgtgcgtgcgtacgggtgtacgtgcgtgcgtacgggtgtacgtgcgtgcgtacgggtgtacgtgcgtgcgtacgggtgtacgtgcgtgcgtacgggtgtacgtgcgtgcgtacgggtgtacgtgcgtgcgtacgggtgtacgtgcgtgcgtacgggtgtacgtgcgtgcgtacgggtgtacgtgc
94,6.099999999999999e-28,1.1e-31,GL018786,217688,10388,210,212,+,+,1165285,TCGTGCAGTAAACGACCTGGCTTGGGGCACTCAGTATACTAGCAAGCCAGCATCACTAAGCGAGAGAA-CGTGACGCGGTAGATAAACTTATCTTAATCTTTAGATTCCCGTAACGAGTATGCCTAGTAATAACATTTTCAGCGACAGAATTTATCCTGTTTTATATT--TATAGAAGCCGCCCTGATTCCCACTCGTATCGTTATTGCAGGA,TCCTGATGTTAACGACCTGACTTCTTCCACTCATAATCTTAGCAAGCCAACATCACTTAGACAAAGAAACCTTAACCCGTAAAaaaattTATATTTCTCTTTTAATTTCCTTA-CAAGTATTCCTAGTAATAACATTTTCAGCCACAGAATTTATCCTGTTTTATATTCTATTTGAAGCCACACTGATTCCCACTCTTATCATTATTACACGA
198,1.8999999999999996e-77,3.4e-81,12,96965610,0,216,218,+,+,155355395,gttaatgtagcttaacaacaaagcaaagcaCTGAAAATGCTTAGA-GAACCTTCCCGGCTCCATAAACATAAAGGTTTGGTCCTGGCCTTTTTATTGTTTTGTAGCAACCTTACACATGCAAGACTCCTCACGCCAGTGAGAATGCCCTTAACATCAAACTAGATCAAGAGGAGCGGACATTAAGCACACTAATCAGTAGCTCAAGAT-CCTTGCTTA,GTTAATGTAGCTTAACAACAAAGCAAAGCACTGAAAATGCTTAGATGAGCCTTCCCGGCTCCATAAACATAAAGGTTTGGTCCTGGCCTTTTTATTGTTTTGTAGCAACCTTACACATGCAAGACTCCTCACGCCAGTGAGAATGCCCTTAACATCAAACTAGATCAAGAGGAGCGGACATTAAGCACACTAATCAGTAGCTCAAGATGCCTTGCTTA
75,6.7e-19,1.2e-22,GL019311,22172,5436,218,228,+,-,80506,ATAATTAGTCAAGTTATAGAGGAAGAAAATAG----ATTAGTTTTAGTTGGAGTTACACTAATTTCTTGGTTCCTAAAACCAATGGATTATTTCTATCCTTTATAAATTAAGCAAGTCAT---ATTATATTTCTGAGCATGAGTTAGTGGTTTTTGCATACTTT---AGTGAATAAGGAAACTTAAGTTTCTGTTTTTACATTCATAACCTAATGTTGTCTTTAAACT,ATAATTGATACAGCTACAGAGGTGGAGAATAAGTTAATTACTTTTATTTGGAGTTGCACCAATTTTTTGGTTCCTAAGACCAACGGATTACTTCTATCCTTTAAAAGTTGAGAAAGCCATGGGGTTAGACATGGGAGCATGAATTAGCAGTTCTTGCAGACATTCTCGGTAGATAAGGAGGTGCAGTCTCCTATTATTAGACTCACAATCTAATGTTTTTGTTAAACT
88,4.3e-25,7.8e-29,3,22500467,11813,228,224,+,-,155691105,CAGCTGAAGTGCTGAATAATAGTTCCAGGGTACCAATCTCTTTGTGATTAGTTGAGAATAATCAACGTTTGATGAGCATAAGTAGGAACATAAAATGACTGAACAGGTGTTAAACTGTAAATCTAAAGACATGGGTTGAGTCCTTTTATGAGCAGATCTTGCGGTGAAATATTATTCGCATTGAATTGCAAATTCACAGGAGCAGCTTCAGTTCTGTTAGGGCTTCTC,CAGCTCAAGCTCCAAATAGGAGATAAAGAGTGCCGATGTCTTTGTGGTTGGTAGAGAAAAGTCAACGATTGACGAACATAAGTA--AGGGTAAAATGGCCGAGTAGGTATTAGACTGTAAATCTAAAGACAGAGGTTAAGCCCTCTTTTTACCAAGCCCTGAGGTGGGTACTAA--CATATTGAATTGCAAATTCAAAGAAGCAGCTTCAACTCTGCCGGGGCTTCTC
80,2.8000000000000004e-21,5.0000000000000005e-25,GL019047,205885,9539,243,247,+,-,247428,GATCAGTTTTCAAAGTGCTTTTATGGTACTGA----AGTACAATAGGCATGATGTTGTGGTTAGACCCACAAATTAGGGGATGCTGGCCCTAAAGTAGACTGGGTGTAGTGAATGGGAGGGTTCCTTGATTGAAATATACTGGAATGGCATCTGTTTTTAGGTCTAATAATGGGATGGCTGATGAGTGTAAAACATCCTTCGTTGAAATTAGTATACAGATTGGCATTTCTGTACATAGAACTACTC,GATCAGTTTTCGAAGTGTTTAAGTGGAACTATTTCGAGGACAATAGGTATAAAGCTATGGTTTGAGCCACAAATTTCTGAGCACTGACCATAGAAAAGTCCTGGTCGAGTTGAGATAAGTGTGGCTTGATTTAAGCGTCCGGGAATGGCATCTGTTTTTAGTCCTAGTGATGGTACGGCTCATGAGTGAAGTACGTCTTCCGAGGAGATTAGCATGCGGATTGGGAGTTCTATGGGAAGTACAACTC
93,1.8e-27,3.1999999999999997e-31,2,38023391,13115,273,271,+,-,174332312,TTATGTGTATAAATGCAGTTGCTTTGTTTAAGAAATATTTGACAGCTGCttatgtggatcagtgggtttgctttattgaTTAAAGTGAGAGTAATGACTAGTATATTTATTTCTAGGCCTATTCAGGTTATTAATCAGTGCATGCTAAAAATTATAATTATGGATCCTGTGATAAGAATGAATAGAataatgaataaaAATTGCAGGATTAATTAATATGGGAAAGATTTAAACCAACATGCTGCAGGGATGAGCCTGGGAGTATTACTAGCT,TTAAGATTATAGATGCTGTGGCTTGTGTTAGAAAATACTTGGTTGCAGCTTCTGTTGATC-GTGGGGTGGCTTTGTTGATTAGAATAGGGATAATTGCTAGTATGTTTATTTCTAATCCGATTCATATAGTTAGTCAGTGGGAGCTAAATACTGTGATTATCGTGCCTATAAATAGAGTAAATATGATAAT-AATAAGAGTTAGGGGGTTAATTAGTACGGGAAGGATATAAACCAACATTTTCGGGGTATGGGCCCGATAGCTTATTTAGCT
178,6.299999999999998e-68,1.0999999999999996e-71,9,78087323,14066,273,272,+,+,116251907,CAAATATAACACTTAATAAAAATACAATATATGCCATAGTTCCCACGTGGACTCTAACCATGACCAATGACATGAACAATCACTGTTGTTATTCAACTATAAGAACCTAATGACCAACATTCGTAAAACACACCCATTACTAAAAATTGTCAATCACTCCCTGATTGATCTTCCAGCACCATCAAGTATCTCTGCCTGATGAAACTTTGGCTCTCTTCTAGGACTATGTTTAATTATCCAAGTCGTCACTGGCCTTTTCCTAGCCATACAGTA,CAAACATTACACTTAATAAAAACACTACGTATGTCATAGTTCTTACATGGACTTGAACCATGACTAATGACATGAAAAATCATCGTTGTT-TTCAACTATAAGAACCTAATGACCAACATTCGCAAAACCCACCCCCTATTAAAAATTGTTAACCACTCCCTAATTGACCTTCCTGCTCCATCAAACATCTCTGCCTGATGAAACTTTGGCTCTCTACTAGGCCTGTGCCTTATAATTCAAATTTTCACTGGCCTATTCTTAGCCATACACTA
86,3.9e-24,7e-28,7,126586487,12010,290,298,+,+,173684459,taAACTAGATTATTTCTCAATAATATTTATGCCATTAAAAATTTTTATCAGATGACCTATTATAGGATTCTCCATATGATATGTACACTCATATCCTAACATTAACTGAATTCTCAAATGTCTATCAGTAGTCTTTATTACACTATTATTACTAGTTGCC-----TTCAACATATTACCTTTTTATGAAATG---AAGAGTAGGAATCATATAATGCCTATTTATCAGGTGATGACATGGTTGAACAGATACAAAACGTGCAGCCTTCCAGACAAGCCTGTATAATAATATTGGAAAT,TAAATTAGATTACTTCTCTATACTATTCACCCCAATTGCACTATTTGTTACATGGTCTATCATAGAATTTTCCATATGATATATACACTCAGACCCTAAAATCAACCAATTCTTTAAATACCTACTCATATTTCTTATTACTATACTAATTTTAGTCACCGCTAATAATATATTTCAGCTATTTATTGGATGGGAGGGAGTGGGAATCATATCATTTCTCCTCATCGGCTGATGACACGGGCGAACAGATGCCAATACTGCAGCCTTACAAGCAATCTTATACAACCGCATTGGAGAT
106,1.1999999999999998e-33,2.0999999999999997e-37,18,17579018,9484,292,296,+,+,69800736,AGAAAAATTAAGCTAATCCTAGTTCTAATTGTCAATATATCTATTACAATAATTTTAGTCACCATCACATTTTTAATTCCACAACTAGACATCTACTCAGAAAAAT-AAGCCCTTACAAATGTGGGTTTTACCCAGTGGGATCAGCCCACCTATCATTTTCAATAAAATTTTTCCTTGTAGCCATTACATTTCTATTATTTGATTTGGAAATTGCCCTTATTCTACCTCTACTATGAGCCTCACAAAGAAATAATCTCAA---ACTCATACTTATAGCACTAATTTTtttttcaat,AGAGTAATAAACCTGATACTAGTTCTATTAATTAACACCACCATTTCCTTAGTCCTAGTTACAATTGCATTCTGACTCCCTCAATTAAATATCTATTCAGAAAAATCAAGCCCTTATGAATGCGGATTCGATCCCATAGGATCAGCACGACTCCCTTTCTCTATAAAATTTTTTCTAGTAGCCATTACATTTTTACTTTTTGACCTAGAAATTGCTCTCCTCCTCCCACTCCCATGAGCCGCACAATTTAATAATTTAAACCTAGTCCTCATCATAGCACTTATGTTAATCTCAAT
84,3.5e-23,6.199999999999998e-27,GL018826,409745,4053,301,305,+,-,922215,GGAGTGATATTGTGGGAGATGAGGAAGCCTGCAGAAAACCCTCCCAATTGCAAGGCATCTGACTGAGTTAATTAGGAACGGGTCATTATTAATAA-----ATTGGAGCTGAGAATCAGGGATGTGTCAACAATGCATAGAAATTGCTGTGAGTGCTGTGGACAGCTGGTCAGGAGGGGGCAATGCGTGTGATTAAGAAGCTTCAGGCGGTGGTTTAGGATGTGTTTGTGGGTTGAATGATTGAGTCTTTAGAGTAGAAGCCATTCAGGAGAGGAATGCCTATTAGTGTAAGGCTATCAATAATAAG,GGTGTAATAAGGTTGGAAATTAAGAATCCTGCA-AAAATGCTTCCTAGTGCAAGGCGTTTAATAGAGTTAATGAGTAGAGGGTTATTTTCGTTAATAACAATAAGGGCTGGGTAACGGGGTTGACCCAGGAGGGCGAAGAAGATAATTCGAGTGCTATAGACAGCTGTTAGGGATGTGGCAATAAGAGTGATGATAAGGGCTCAGGCGTTGGTATTAGACGTGTTTGCTGATTCAATAATTAGATCTTTTGAGTAAAAGCCTGTTAGGAATGGTATACCTGTGAGGGCCAGACTACCAATAGTGAG
291,9.999999999999995e-122,1.7999999999999993e-125,AAGW02081404,16778,328,307,308,+,-,27691,TAGTCCAAATATTATACAATTTGTATTTAATTGAGTTATACCTGTTAAAAGGAAAaAA-GGGCTAGAGTGCTATGTCAGTATTGTAAAGGTGCGTTTTAAATTTCAAAATTTAGGTGCCCTGAGCTGTCTGACTTGGGGTGGGAAAGGGGGTTTAGTCCAAATATTATACAATTTGTATTTAATTGAGTTATACCTGTTAaaaggaaaaaaaggGCTAGAGTGCTATGTCAGTATTGTAAAGGTGCGTTTTAAATTTCAAAATTTAGGTGCCCTGAGCTGTCTGACTTGGGGTGGGAAAGGGGGTTTA,TAGTCCAAATATTATACAATTTGTATTTAATTGAGTTAAACCTGTTAaaaggaaaaaaaggGCTAGAGTGCTATGTCAGTATTGTAAAGGTGCGTTTTAAATTTCAAAATTTAGATGCCCTGAGCTGTCTGACTTGGGGTGGGAAAGGGGGTTTAGTCCAAATATTATACAATTTGTATTTAATTGAGTTAAACCTGTTAaaaggaaaaaaaggGCTAGAGTGCTATGTCAGTATTGTAAAGGTGCGTTTTAAATTTCAAAATTTAGATGCCCTGAGCTGTCTGACTTGgggtgggaaagggggttta
298,4.799999999999998e-125,8.399999999999995e-129,AAGW02081404,17389,22,308,308,+,-,27691,TAGTCCAAATATTATACAATTTGTATTTAATTGAGTTATACCTGTTAaaaggaaaaaaaggGCTAGAGTGCTATGTCAGTATTGTAAAGGTGCGTTTTAAATTTCAAAATTTAGGTGCCCTGAGCTGTCTGACTTGGGGTGGGAAAGGGGGTTTAGTCCAAATATTATACAATTTGTATTTAATTGAGTTATACCTGTTAaaaggaaaaaaaggGCTAGAGTGCTATGTCAGTATTGTAAAGGTGCGTTTTAAATTTCAAAATTTAGGTGCTCTGAGCTGTCTGACTTGgggtgggaaagggggttta,TAGTCCAAATATTATACAATTTGTATTTAATTGAGTTAAACCTGTTAaaaggaaaaaaaggGCTAGAGTGCTATGTCAGTATTGTAAAGGTGCGTTTTAAATTTCAAAATTTAGATGCCCTGAGCTGTCTGACTTGGGGTGGGAAAGGGGGTTTAGTCCAAATATTATACAATTTGTATTTAATTGAGTTAAACCTGTTAaaaggaaaaaaaggGCTAGAGTGCTATGTCAGTATTGTAAAGGTGCGTTTTAAATTTCAAAATTTAGATGCCCTGAGCTGTCTGACTTGGGGTGGGAAAGGGGGTTTA
73,6e-18,1.1e-21,GL018744,673556,4478,319,330,+,-,2220855,GTGCCTGCAGATGTAGAGAAAAACTGAGTGTGGCTGATTAACGCCAACAGTAACTACTATTAATCCTAGTTAACTTCAGGTAGAAAATGCAGCAGTTTTTAAATTATC---TTGTGTGAGCTCACAGATGGCTGTAAACAAGGTGGTCGTGGCGCTGAGGTGTGGTACCAGTGCTTGGAG-GTTTTGTTGTTTTCTGTTACTGGGGAGGTCTGAATTCATGGGGCAAAGCCTGCCACGGGTGTGGTTCTGGAGTGAGGCTGAGGTGGGGCCGGCCTGCGGCT-------GCTGAGGGTGGCCATGGGTATAGACCGAATTGGGCTGACTT,GTGGGTGCAGATGTGGAGAAATGCCAGGTGTGGTTGGTTAATTCCGATTGTGACCATTATTAGTCCGAGTTGACTTGATGTGGAAAAGGCTACAATTTTTTTGATGTCGTTTTGTGTGAGGGCACATAGGGCTGTGAATAAGGTAGTGATTGCGCCTAGGCATAGGATTAATGTTTGGGCAGTTTTGTTATTTTCTAGCAAGGGGTAGAAGCGGATTAGGAGGAAAACTCCAGCTACTACTATTGTGCTAGAATGAAGTAGGGCTGATACGGGCGTCGGGCCTTCTATAGCTGATGGGAGTCATGGGTGTAGACCAAATTGTGCGGATTT
74,2e-18,3.6000000000000007e-22,21,11379492,15954,321,320,+,-,15578276,CTAATTCATTACGTAAAAAGATAAAAGGGTTAATCTTTGCTTTTTA-TACTATGAATAATTCTTTCATTTGCCACTTAATGGTACTATCGCGATAGTTTCTAAA-ATTTATTTCTATCTCCTATATTTTTAGTATAAAATAAATGTTTTATTTTTATGGAATGAACAATAGTTTTGATATGAAGTATTAAGGTTTGAATTGGTTCAAAGAAGTCATAATTATGAAATCTCCAGAGTATAAGCCAGGTGCTTTATGGGTAAGCTACCCTCAGAATTATCTAAGCACTCTTTCCAGCATGCTTACCTT---AAGACTTGTTTCCTCTT,CTAATTCATTATGCAAAAGG-TAAGAGAAGTAATCTCTGCTTTTTTGTGCTATTAACTAATCTTTCATCTTTCCCTTAC-GGTACTTTCTCTATAGCGCCTGGATATAAATTTCTATCTCCTATACTTTTAATATGGGGTGAATGGTTTAGTTTAGCTAATT--ACTCTGGTTCAGTGTTAGTTTCATAGGGCTAGTGTTGGCTCAGAGTGGTCAGTAA-ATGAAATCTCTTGGGTGTAAGCCAAGTGCTTTAAGT-TAAGCTACGCTCTGAAATGTCCAAGCACACTTTCCAGTATGCTTACCTTGTTACGACTTATCTCCTCTT
137,2.1e-48,3.7e-52,2,154330735,10943,325,326,+,+,174332312,TCAGCCTCTTAACAGACTATTTAGTGAATCCGTTCCTCAACTTGTTCCTATGAGGAAAGACCATAATAAGCTCTGTCTG-CTTTGCCAGACAGACCTAATAGCAGTCATTGCTTACTCATGTGTAAGCCATATGGCACTAGTAATTGTGGCTATTCTTATTCAAACTCCATGAAGTTTCAAAGAAGCCACATCCCTAATAATTACCCATGGCCTCACATTATCAATATCATTTTATCTCACAAACTCTAAGTATGAATGAATTCACAGCTGAACCATTTTATTAGCCCACTGACTACAGACAGCACTCCCTCTAATAGCAAAATGA,TCAGCCCTATTACAGACTATATAGCCTACCCATTCCTCATACTCTCCCTCTGAGGCATAATTATAACCAGCTCTATCTGTCTCCGGCAAACAGACCTCAAATCACTCATTGCTTATTCATCAGTGAGCCACATAGCCCTAGTAATCGTAGCCATCCTTATTCAAACACCATGAAGCTTTATAGGCGCCACCGCTCTAATAATCGCACATGGCCTTACTTCCTCATTATTATTCTGCCTAGCCAATTCCAACTACGAGCGCATTCACAGCCGAACCATACTACTAGCCCGAGGCCTACAGACTATTCTTCCACTAATAGCAGCATGA
